"","ID","Description","GeneRatio","BgRatio","pvalue","p.adjust","qvalue","geneID","Count"
"hsa00340","hsa00340","Histidine metabolism","4/81","22/8579",4.7403277718922e-05,0.00848518671168703,0.00753462624795497,"3034/4128/221/26",4
"hsa04610","hsa04610","Complement and coagulation cascades","6/81","86/8579",0.000151399934907758,0.0135502941742444,0.0120323106163534,"2243/2266/5328/5345/2244/5327",6
"hsa00980","hsa00980","Metabolism of xenobiotics by cytochrome P450","5/81","78/8579",0.000815851149298096,0.0486791185747864,0.0432257977347412,"873/22977/221/1645/2938",5
